{"cameraMode":{"drawMode":0,"name":"Shaded","section":"Shading Mode"},"sceneLighting":false,"audioPlay":false,"sceneViewState":{"showFog":false,"showMaterialUpdate":false,"showSkybox":false,"showFlares":true,"showImageEffects":true,"showParticleSystems":true,"showVisualEffectGraphs":true,"m_FxEnabled":true},"in2DMode":false,"pivot":{"x":-1.3756561279296876,"y":1.7999999523162842,"z":-2.0999999046325685},"rotation":{"x":0.2073032259941101,"y":-0.000022011949113220908,"z":-0.0000531214609509334,"w":0.9783104062080383},"size":1.2493598461151124,"orthographic":false}