{"cameraMode":{"drawMode":0,"name":"Shaded","section":"Shading Mode"},"sceneLighting":true,"audioPlay":false,"sceneViewState":{"showFog":false,"showMaterialUpdate":false,"showSkybox":true,"showFlares":true,"showImageEffects":true,"showParticleSystems":true,"showVisualEffectGraphs":true,"m_FxEnabled":true},"in2DMode":false,"pivot":{"x":1.3875207901000977,"y":-1.8029060363769532,"z":18.471385955810548},"rotation":{"x":-0.15488989651203156,"y":0.16717833280563355,"z":-0.026603225618600847,"w":-0.9733325839042664},"size":23.855554580688478,"orthographic":false}