{"cameraMode":{"drawMode":0,"name":"Shaded","section":"Shading Mode"},"sceneLighting":true,"audioPlay":false,"sceneViewState":{"showFog":false,"showMaterialUpdate":false,"showSkybox":true,"showFlares":true,"showImageEffects":true,"showParticleSystems":true,"showVisualEffectGraphs":true,"m_FxEnabled":true},"in2DMode":false,"pivot":{"x":551.7869873046875,"y":361.5162353515625,"z":179.43255615234376},"rotation":{"x":0.02730942703783512,"y":0.00381207512691617,"z":-0.0005594042013399303,"w":0.9998388290405273},"size":484.6328430175781,"orthographic":false}