{"cameraMode":{"drawMode":0,"name":"Shaded","section":"Shading Mode"},"sceneLighting":true,"audioPlay":false,"sceneViewState":{"showFog":false,"showMaterialUpdate":false,"showSkybox":true,"showFlares":true,"showImageEffects":true,"showParticleSystems":true,"showVisualEffectGraphs":true,"m_FxEnabled":true},"in2DMode":false,"pivot":{"x":521.0003051757813,"y":324.5923767089844,"z":-16.174726486206056},"rotation":{"x":0.06327007710933685,"y":0.0014829379506409169,"z":-0.00015120203897822648,"w":0.9980283975601196},"size":309.147705078125,"orthographic":false}