{"cameraMode":{"drawMode":0,"name":"Shaded","section":"Shading Mode"},"sceneLighting":true,"audioPlay":false,"sceneViewState":{"showFog":false,"showMaterialUpdate":false,"showSkybox":true,"showFlares":true,"showImageEffects":true,"showParticleSystems":true,"showVisualEffectGraphs":true,"m_FxEnabled":true},"in2DMode":false,"pivot":{"x":-0.009741544723510743,"y":0.47565650939941409,"z":20.36001205444336},"rotation":{"x":0.17931567132472993,"y":0.0162118598818779,"z":-0.0030124797485768797,"w":0.9836870431900024},"size":22.98661231994629,"orthographic":false}