{"cameraMode":{"drawMode":0,"name":"Shaded","section":"Shading Mode"},"sceneLighting":true,"audioPlay":false,"sceneViewState":{"showFog":false,"showMaterialUpdate":false,"showSkybox":true,"showFlares":true,"showImageEffects":true,"showParticleSystems":true,"showVisualEffectGraphs":true,"m_FxEnabled":true},"in2DMode":false,"pivot":{"x":1005.2933349609375,"y":486.8138732910156,"z":162.56442260742188},"rotation":{"x":0.07075396180152893,"y":-0.00001777985926310066,"z":-0.00011131430073874071,"w":0.9975377917289734},"size":270.59759521484377,"orthographic":false}