{"cameraMode":{"drawMode":0,"name":"Shaded","section":"Shading Mode"},"sceneLighting":true,"audioPlay":false,"sceneViewState":{"showFog":false,"showMaterialUpdate":false,"showSkybox":true,"showFlares":true,"showImageEffects":true,"showParticleSystems":true,"showVisualEffectGraphs":true,"m_FxEnabled":true},"in2DMode":false,"pivot":{"x":-0.15134745836257935,"y":9.499890327453614,"z":8.617914199829102},"rotation":{"x":0.149735689163208,"y":0.013328824192285538,"z":-0.002076890552416444,"w":0.9886691570281982},"size":10.487117767333985,"orthographic":false}