{"cameraMode":{"drawMode":0,"name":"Shaded","section":"Shading Mode"},"sceneLighting":true,"audioPlay":false,"sceneViewState":{"showFog":false,"showMaterialUpdate":false,"showSkybox":true,"showFlares":true,"showImageEffects":true,"showParticleSystems":true,"showVisualEffectGraphs":true,"m_FxEnabled":true},"in2DMode":false,"pivot":{"x":-0.7102499008178711,"y":4.29942512512207,"z":21.132144927978517},"rotation":{"x":0.20729666948318482,"y":0.007315258029848337,"z":-0.0016077886102721096,"w":0.9782817959785461},"size":20.964365005493165,"orthographic":false}