{"cameraMode":{"drawMode":0,"name":"Shaded","section":"Shading Mode"},"sceneLighting":true,"audioPlay":false,"sceneViewState":{"showFog":false,"showMaterialUpdate":false,"showSkybox":true,"showFlares":true,"showImageEffects":true,"showParticleSystems":true,"showVisualEffectGraphs":true,"m_FxEnabled":true},"in2DMode":false,"pivot":{"x":3.342533588409424,"y":0.5247001647949219,"z":29.401119232177736},"rotation":{"x":0.21468710899353028,"y":0.11103794723749161,"z":-0.024682318791747094,"w":0.9700808525085449},"size":16.326250076293947,"orthographic":false}