{"cameraMode":{"drawMode":0,"name":"Shaded","section":"Shading Mode"},"sceneLighting":true,"audioPlay":false,"sceneViewState":{"showFog":false,"showMaterialUpdate":false,"showSkybox":true,"showFlares":true,"showImageEffects":true,"showParticleSystems":true,"showVisualEffectGraphs":true,"m_FxEnabled":true},"in2DMode":false,"pivot":{"x":-0.32461196184158327,"y":4.228961944580078,"z":-1.9648418426513672},"rotation":{"x":0.20142970979213715,"y":-0.004438743926584721,"z":0.0008069469477050006,"w":0.9795363545417786},"size":10.683317184448243,"orthographic":false}