{"cameraMode":{"drawMode":0,"name":"Shaded","section":"Shading Mode"},"sceneLighting":true,"audioPlay":false,"sceneViewState":{"showFog":false,"showMaterialUpdate":false,"showSkybox":true,"showFlares":true,"showImageEffects":true,"showParticleSystems":true,"showVisualEffectGraphs":true,"m_FxEnabled":true},"in2DMode":false,"pivot":{"x":875.5806274414063,"y":500.61566162109377,"z":-75.35739135742188},"rotation":{"x":0.02280774712562561,"y":0.00748648215085268,"z":-0.00025128660490736365,"w":0.9997494220733643},"size":235.13526916503907,"orthographic":false}